﻿<settings>
  <AppName>ScoutEye</AppName>
  <AppVersion>v2.5</AppVersion>
  <DefaultComboValue>0</DefaultComboValue>
  <Auto0>Cones</Auto0>
  <Auto0Items>NumFill</Auto0Items>
  <Auto0Hide>false</Auto0Hide>
  <Auto1>Cubes</Auto1>
  <Auto1Items>NumFill</Auto1Items>
  <Auto1Hide>false</Auto1Hide>
  <Auto2>Balanced</Auto2>
  <Auto2Items>true, false</Auto2Items>
  <Auto2Hide>false</Auto2Hide>
  <Auto3>Placment</Auto3>
  <Auto3Items>Low, Mid, High</Auto3Items>
  <Auto3Hide>false</Auto3Hide>
  <Teleop0>Cones</Teleop0>
  <Teleop0Items>NumFill</Teleop0Items>
  <Teleop0Hide>false</Teleop0Hide>
  <Teleop1>Cubes</Teleop1>
  <Teleop1Items>NumFill</Teleop1Items>
  <Teleop1Hide>false</Teleop1Hide>
  <Teleop2>Balanced</Teleop2>
  <Teleop2Items>true, false</Teleop2Items>
  <Teleop2Hide>false</Teleop2Hide>
  <Teleop3>Placment</Teleop3>
  <Teleop3Items>Low, Mid, High</Teleop3Items>
  <Teleop3Hide>false</Teleop3Hide>
</settings>