<settings>
  <AppName>ScoutEye</AppName>
  <AppVersion>v2.5</AppVersion>
  <DefaultComboValue>0</DefaultComboValue>
  <ClickCounterLabel>Click Count</ClickCounterLabel>
  <Auto0>Cones</Auto0>
  <Auto0Items>NumFill</Auto0Items>
  <Auto0Hide>false</Auto0Hide>
  <Auto1>Cubes</Auto1>
  <Auto1Items>NumFill</Auto1Items>
  <Auto1Hide>false</Auto1Hide>
  <Auto2>Balanced</Auto2>
  <Auto2Items>true,false</Auto2Items>
  <Auto2Hide>false</Auto2Hide>
  <Auto3>Placment</Auto3>
  <Auto3Items>Low,Mid,High</Auto3Items>
  <Auto3Hide>false</Auto3Hide>
  <Auto4>Left comun</Auto4>
  <Auto4Items>True,False</Auto4Items>
  <Auto4Hide>false</Auto4Hide>
  <Auto5>
  </Auto5>
  <Auto5Items>Low,Mid,High</Auto5Items>
  <Auto5Hide>true</Auto5Hide>
  <Teleop0>Cones</Teleop0>
  <Teleop0Items>NumFill</Teleop0Items>
  <Teleop0Hide>false</Teleop0Hide>
  <Teleop1>Cubes</Teleop1>
  <Teleop1Items>NumFill</Teleop1Items>
  <Teleop1Hide>false</Teleop1Hide>
  <Teleop2>Balanced</Teleop2>
  <Teleop2Items>true, false</Teleop2Items>
  <Teleop2Hide>false</Teleop2Hide>
  <Teleop3>Placment</Teleop3>
  <Teleop3Items>Low,Mid,High</Teleop3Items>
  <Teleop3Hide>false</Teleop3Hide>
  <Teleop4>Intake Loc</Teleop4>
  <Teleop4Items>Ground,Human</Teleop4Items>
  <Teleop4Hide>false</Teleop4Hide>
  <Teleop5>
  </Teleop5>
  <Teleop5Items>Low,Mid,High</Teleop5Items>
  <Teleop5Hide>true</Teleop5Hide>
</settings>